代码,名称,成交额
159001,货币ETF易方达,559125591.2
159003,招商快线ETF,30349696.5
159005,快钱ETF汇添富,1130000.0
159007,养殖ETF华泰柏瑞,22489730.6
159008,证券ETF景顺,22082102.4
159009,创业板新能源ETF易方达,3247308.8000000003
159010,港股通科技ETF博时,8611925.0
159011,养殖ETF华安,25027608.299999997
159012,科创创业50ETF鹏华,15510409.2
159013,工业互联网ETF大成,11593875.7
159015,恒生港股通科技ETF国联,6271567.2
159016,证券ETF广发,97913747.1
159017,石油ETF工银,5564304.1
159018,石油ETF广发,3046977.3
159019,石油ETF华宝,14068080.0
159020,养殖ETF易方达,18194341.8
159021,大盘价值ETF华夏,4044446.4
159022,科创创业人工智能ETF富国,37792946.6
159023,养殖ETF万家,17566709.8
159026,石油ETF南方,8397088.799999999
159027,畜牧养殖ETF大成,12025636.8
159028,港股汽车ETF天弘,2808795.2
159029,有色ETF广发,31135958.4
159030,粮食ETF华夏,3244284.0
159031,粮食ETF博时,1415119.2
159032,工业有色ETF易方达,20923525.8
159033,粮食ETF国泰,20060550.0
159035,软件ETF天弘,9453202.0
159036,软件开发ETF华宝,15509898.2
159037,价值ETF鹏华,5921137.3
159038,粮食ETF易方达,6876760.8
159039,机器人ETF华安,82498813.2
159040,港股通互联网ETF鹏华,32370821.999999996
159041,农业ETF鹏华,4725984.0
159042,价值ETF汇添富,4434635.0
159045,稀有金属ETF大成,7256174.399999999
159046,绿电ETF天弘,13314644.2
159048,机器人ETF大成,24809210.8
159050,机器人ETF广发,47347853.4
159051,医疗器械ETF易方达,2711927.9
159052,新能源电池ETF嘉实,12446233.8
159053,稀有金属ETF华夏,41390352.0
159055,稀有金属ETF富国,19508260.8
159056,医疗器械ETF富国,6487084.6
159057,医疗器械ETF鹏华,3022362.9
159060,粮食ETF浦银,6834451.600000001
159061,绿色电力ETF南方,6876753.800000001
159062,稀有金属ETF南方,18520684.4
159063,粮食ETF南方,9446803.1
159065,工程机械ETF景顺,7619535.0
159070,工程机械ETF嘉实,6821346.8
159071,新能源电池ETF华宝,9967716.3
159100,巴西ETF华夏,28353410.0
159101,港股通科技ETF华夏,264447047.40000004
159102,港股通生物科技ETF华安,127030361.6
159103,金融科技ETF汇添富,12151977.6
159105,恒生生物科技ETF易方达,176212358.4
159106,民企300ETF前海开源,1336503.4
159107,创业板软件ETF富国,49593585.6
159108,工业软件ETF博时,10412539.0
159109,恒生50ETF景顺,32202354.3
159110,科创债ETF万家,451686810.0
159111,科创债ETF天弘,2814580305.0
159112,科创债ETF银华,4626659039.3
159113,科创债ETF大成,2113089147.0
159115,科创债ETF华安,3941218155.0
159116,科创债ETF工银,5902687472.0
159117,港股通红利低波ETF鹏华,3917944.8
159118,港股通红利低波ETF华夏,6602191.0
159119,800现金流ETF招商,10233909.0
159120,港股通科技ETF国联安,22055888.4
159121,港股通汽车ETF易方达,20616120.0
159122,创业板新能源ETF富国,4059428.0
159123,光伏ETF嘉实,15480928.8
159125,港股通科技ETF招商,29232801.5
159126,港股通50ETF南方,13050319.2
159127,港股通红利ETF南方,18547223.0
159128,港股科技ETF天弘,77983516.80000001
159129,化工ETF嘉实,46667604.4
159130,恒生生物科技ETF鹏华,22142869.5
159131,港股通信息技术ETF华宝,1764333756.1999998
159132,恒生生物科技ETF富国,72692386.3
159133,化工ETF天弘,48719468.8
159135,港股通科技ETF前海开源,12332741.4
159136,A50ETF广发,3540011.1999999997
159137,港股通医疗ETF华宝,62042048.2
159138,工程机械ETF易方达,11217348.9
159139,科创创业人工智能ETF华泰柏瑞,51777786.900000006
159140,科创创业人工智能ETF易方达,90856097.5
159141,科创创业人工智能ETF永赢,216766692.0
159142,科创创业人工智能ETF景顺,147699663.5
159143,港股通央企红利ETF平安,10790488.0
159145,工业软件ETF广发,13285536.6
159146,电力ETF华宝,35855952.6
159147,电池ETF南方,44603193.6
159148,石油ETF富国,10863532.5
159149,创业板新能源ETF工银,8072512.8
159150,深证50ETF易方达,25739258.6
159151,食品ETF华夏,13378467.9
159152,港股通科技ETF平安,47405044.4
159153,消费电子ETF鹏华,34411452.6
159155,电池ETF大成,20980209.6
159156,电池ETF万家,4797961.5
159157,有色金属ETF天弘,136495682.7
159158,电力ETF景顺,36434374.2
159159,公用事业ETF国投瑞银,4854107.5
159160,电池ETF东财,18034500.0
159162,工业有色ETF鹏华,18098207.5
159163,有色ETF泰康,7162190.4
159165,养殖ETF永赢,9559940.0
159166,现金流ETF长城,2781730.4
159167,港股通医疗ETF工银,44322607.400000006
159168,有色ETF富国,39499504.0
159169,恒生生物科技ETF广发,34591690.9
159170,港股通互联网ETF永赢,30059136.0
159171,工业有色ETF博时,7369313.7
159172,养殖ETF汇添富,20010955.0
159173,农牧ETF南方,11623426.4
159175,电池ETF易方达,24610209.0
159176,家电ETF华宝,10271561.3
159177,工程机械ETF鹏华,11440655.6
159178,消费电子ETF汇添富,23980071.0
159179,港股通互联网ETF工银,99824250.6
159180,软件ETF银华,7749545.300000001
159181,石油ETF易方达,9026949.0
159182,家电ETF南方,500393.1
159183,新能源车ETF招商,6955408.0
159185,港股通信息技术ETF鹏华,343170248.0
159186,港股通汽车ETF鹏华,3697398.0
159187,创业板新能源ETF景顺,6130186.2
159188,红利100ETF景顺,1391451.0
159189,石油ETF华夏,10237374.0
159190,创业板新能源ETF天弘,13498249.4
159191,港股通科技ETF易方达,3556248.0
159192,家电ETF汇添富,3861561.6
159193,新能源电池ETF银华,17076736.5
159195,石油ETF华安,13070601.0
159196,港股通信息技术ETF易方达,628426719.9
159197,石油ETF招商,15207571.499999998
159198,港股通信息技术ETF富国,209575233.2
159199,石油ETF平安,2122696.8000000003
159200,科创债ETF富国,5418236571.0
159201,自由现金流ETF华夏,362114109.6
159202,恒生互联网ETF万家,153533149.0
159203,大盘成长ETF博时,568451.4
159205,创业板ETF东财,119969717.4
159206,卫星ETF永赢,2223695936.0
159207,高股息ETF广发,152937002.4
159208,航空航天ETF万家,24446598.3
159209,红利质量ETF招商,127020518.4
159210,港股通汽车ETF汇添富,30563362.5
159211,深证100ETF富国,1863466.0
159212,深100ETF南方,19693398.0
159213,机器人ETF汇添富,55341994.0
159215,A500ETF平安,19177753.0
159216,深证100ETF大成,5510559.600000001
159217,港股通创新药ETF工银,1125387681.6
159218,卫星ETF招商,197212691.8
159219,深证100ETF融通,1416536.2
159220,港股通红利低波ETF华宝,29481125.6
159221,现金流ETF嘉实,43938038.0
159222,自由现金流ETF易方达,94809072.4
159223,现金流ETF永赢,9711429.1
159225,现金流ETF银华,5253045.999999999
159226,中证A500增强ETF国泰,14919409.8
159227,航空航天ETF华夏,305132241.6
159228,红利低波ETF长城,365816.1
159229,自由现金流ETF广发,50036424.00000001
159230,通用航空ETF华夏,23689564.8
159231,通用航空ETF华宝,11083710.0
159232,自由现金流ETF南方,194312327.8
159233,自由现金流ETF平安,52536208.6
159235,中证现金流ETF大成,105282668.4
159236,自由现金流ETF工银,12366857.999999998
159237,港股汽车ETF工银,22601070.0
159238,沪深300增强ETF景顺,5810062.5
159239,港股通汽车ETF富国,15547116.9
159240,A500增强ETF天弘,803817.3
159241,航空航天ETF天弘,111940964.0
159242,创业板人工智能ETF大成,115851496.8
159243,创业板人工智能ETF招商,61062914.4
159245,港股通消费ETF富国,3164638.5
159246,创业板人工智能ETF富国,147465391.1
159247,创业板ETF汇添富,58388745.7
159248,人工智能ETF万家,35944418.800000004
159249,A500增强ETF工银,13269973.999999998
159251,港股通科技ETF万家,24558958.2
159253,银行ETF博时,5812082.1
159255,通用航空ETF易方达,9770140.1
159256,创业板软件ETF华夏,76273400.0
159257,航空ETF汇添富,8849150.1
159258,机器人ETF南方,34615798.8
159259,成长ETF易方达,1075560096.8000002
159260,证券ETF博时,41051383.5
159261,创业板新能源ETF鹏华,7403238.000000001
159262,港股通科技ETF广发,855637729.1999999
159263,价值ETF易方达,279434974.0
159265,港股消费ETF鹏华,22486847.7
159266,港股央企红利ETF永赢,26449549.5
159267,航天ETF华安,122686750.9
159268,港股通消费ETF汇添富,29825899.2
159269,港股通科技ETF南方,409020255.8
159270,创业板200ETF南方,12674762.1
159271,恒生ETF鹏华,4701288.8
159272,机器人ETF富国,298884096.0
159273,云计算ETF汇添富,43065809.4
159275,农牧渔ETF华宝,15082962.7
159276,现金流ETF汇添富,5516300.4
159277,港股通红利ETF富国,7276287.2
159278,机器人ETF鹏华,267766609.1
159279,创业板人工智能ETF华安,82952659.5
159280,港股通互联网ETF汇添富,8980281.8
159281,港股央企红利ETF天弘,134102891.6
159283,通用航空ETF南方,6495810.1
159285,港股通消费ETF华安,15012806.2
159286,港股通创新药ETF鹏华,219964511.49999997
159287,创业板综ETF博时,2824540.1999999997
159288,创业板综ETF银华,447627.0
159289,创业板综指ETF鹏华,2095449.4
159290,创业板综指增强ETF东财,5180176.2
159291,创业板综增强ETF招商,2084617.2
159292,创业板综增强ETF华宝,2042162.7
159293,创业板综增强ETF建信,7391524.7
159295,创业综指ETF西部利得,6809437.8
159296,A500红利低波ETF华宝,1239770.4
159297,港股通创新药ETF南方,619598210.4000001
159298,创业板50ETF大成,9021312.0
159299,金融科技ETF易方达,24960788.299999997
159300,沪深300ETF富国,88742127.0
159301,公用事业ETF华夏,19407032.5
159302,港股高股息ETF银华,15160045.0
159303,恒生医疗ETF大成,385226245.2
159305,储能电池ETF广发,80663015.60000001
159306,汽车零部件ETF平安,1400007.5
159307,红利低波100ETF博时,169224217.5
159309,油气ETF汇添富,32560280.999999996
159310,芯片ETF天弘,65597208.9
159311,数字经济ETF易方达,4511408.0
159312,恒指港股通ETF广发,7232638.2
159315,黄金股ETF工银,30275304.6
159316,港股通创新药ETF易方达,1378239251.0
159318,恒指港股通ETF银华,5647561.6
159320,电网设备ETF广发,67496957.5
159321,黄金股ETF华安,52014872.0
159322,黄金股ETF平安,16780348.0
159323,港股通汽车ETF华夏,183228005.4
159325,半导体ETF南方,267729629.6
159326,电网设备ETF华夏,1129876322.4
159327,半导体设备ETF万家,508503703.5
159328,家电ETF易方达,3855390.0
159329,沙特ETF南方,19627327.6
159330,沪深300ETF东财,39718756.0
159331,红利港股ETF国泰,11270655.2
159332,央企红利ETF富国,1128259.0
159333,港股央企红利ETF万家,30353769.6
159335,央企科创ETF融通,4214688.5
159336,央企红利ETF融通,3408417.6
159337,中证500ETF东财,23219939.8
159338,中证A500ETF国泰,3685583856.5
159339,A500ETF银华,114554875.8
159350,深证50ETF富国,61199849.8
159351,A500ETF嘉实,470581592.8
159352,A500ETF南方,2688239529.5
159353,中证A500ETF景顺,142835723.79999998
159355,800红利低波ETF华宝,1159837.5
159356,A500ETF万家,91338624.0
159357,A500ETF博时,20783353.5
159358,中证A500ETF大成,70938531.1
159359,A500ETF华安,37546555.2
159360,A500ETF天弘,63618147.2
159361,A500ETF易方达,1603377191.4
159362,A500ETF工银,45045938.7
159363,创业板人工智能ETF华宝,1646272290.0
159365,恒指港股通ETF富国,12392215.2
159366,港股医疗ETF永赢,141923284.5
159367,创业板50ETF华夏,29799604.199999996
159368,创业板新能源ETF华夏,224087007.0
159369,创业板50ETF易方达,25197212.3
159370,创50ETF工银,11547037.5
159371,创业板50ETF富国,7976090.5
159372,创业板50ETF万家,3599396.4999999995
159373,创业板50ETF嘉实,72804249.5
159375,创业板50ETF国泰,13724396.4
159376,A500ETF浦银,10040393.1
159377,创业板医药ETF国泰,30928964.5
159378,通用航空ETF永赢,28463625.0
159379,A500ETF融通,344450.4
159380,A500ETF东财,15427754.1
159381,创业板人工智能ETF华夏,489457863.4
159382,创业板人工智能ETF南方,136198894.3
159383,创业板50ETF华泰柏瑞,8278243.8
159385,数字经济ETF富国,17803125.0
159386,A500ETF永赢,25982070.8
159387,创业板新能源ETF国泰,351495846.0
159388,创业板人工智能ETF国泰,189638364.6
159389,数字经济ETF嘉实,17150277.0
159390,中证A50ETF国联,13379941.8
159391,大盘价值ETF博时,3849451.499999999
159392,航空ETF富国,13967502.9
159393,沪深300ETF万家,104255367.2
159395,信用债ETF大成,1658802068.0
159396,信用债ETF博时,2373321934.5
159397,信用债ETF广发,1533860671.1999998
159398,信用债ETF天弘,4520307965.5
159399,现金流ETF国泰,223715817.0
159400,科创债ETF景顺,517648118.0
159500,中证500ETF富国,26739135.6
159501,纳指ETF嘉实,132216214.20000002
159502,标普生物科技ETF嘉实,618310196.0
159505,国证2000ETF博时,3953976.0
159506,港股通创新药医疗ETF富国,997989099.0
159507,通信ETF广发,106355263.2
159508,生物医药ETF华安,13348162.8
159509,纳指科技ETF景顺,525407833.50000006
159510,沪深300价值ETF华夏,5919731.4
159511,通信ETF南方,37331778.0
159512,汽车ETF广发,25077715.2
159513,纳斯达克100ETF大成,152542671.0
159515,国企红利ETF鹏扬,2245777.5
159516,半导体设备ETF国泰,9098375231.4
159517,中证800增强ETF银华,1398583.2
159518,标普油气ETF嘉实,163993722.1
159519,港股国企ETF国泰,83304760.0
159520,消费龙头ETF工银,1500141.0
159521,国证2000ETF平安,3582381.4
159523,沪深300成长ETF华夏,8246136.800000001
159525,红利低波ETF富国,20608269.4
159526,机器人ETF嘉实,46687797.7
159527,云计算ETF广发,17704830.0
159528,国企改革ETF富国,2853520.3
159529,标普消费ETF景顺,57973910.4
159530,机器人ETF易方达,1677041194.0
159531,中证2000ETF南方,166359949.79999998
159532,中证2000ETF易方达,39437752.2
159533,中证2000ETF博时,3183786.3
159535,中证2000ETF嘉实,6227785.2
159536,中证2000ETF汇添富,17418865.8
159537,信创ETF国泰,18460058.4
159538,信创ETF富国,34584225.0
159539,信创ETF广发,11369508.000000002
159540,信创ETF易方达,54451364.49999999
159541,创业板综ETF万家,6421382.8
159542,工程机械ETF大成,5872776.0
159543,国证2000ETF工银,3282548.5
159545,恒生红利低波ETF易方达,308918699.2
159546,集成电路ETF国泰,127947665.29999998
159547,红利低波ETF华夏,149109166.5
159549,红利低波ETF天弘,8827650.0
159550,互联网ETF东财,7087036.5
159551,机器人ETF国泰,30657624.0
159552,中证2000增强ETF招商,110626652.8
159553,中证2000增强ETF海富通,3808255.5
159555,中证2000增强ETF银华,4947677.0
159556,中证2000增强ETF平安,985432.8
159557,恒生医疗ETF嘉实,154562470.20000002
159558,半导体设备ETF易方达,3120923830.5
159559,机器人ETF景顺,276352472.5
159560,芯片ETF景顺,51925770.0
159561,德国ETF嘉实,49966197.0
159562,黄金股ETF华夏,197302241.4
159563,创业板综ETF华夏,4170368.5
159565,汽车零部件ETF易方达,35889753.6
159566,储能电池ETF易方达,403633705.5
159567,港股创新药ETF银华,1853273340.0
159568,港股互联网ETF博时,104350788.9
159569,港股红利低波ETF景顺,100284375.0
159570,港股通创新药ETF汇添富,4046640542.7
159571,创业板200ETF富国,641355.0
159572,创业板200ETF易方达,20701167.9
159573,创业板200ETF华夏,27815061.9
159575,创业板200ETF银华,2874864.0
159576,深证100ETF广发,10834550.0
159577,美国50ETF汇添富,100938498.0
159578,深证主板50ETF南方,511826.4
159581,红利ETF万家,21873719.8
159582,半导体ETF博时,159350036.4
159583,通信ETF富国,734756786.4
159586,计算机ETF南方,10522896.3
159587,粮食ETF广发,13026483.3
159588,石油ETF景顺,22157158.1
159589,红利ETF广发,10611451.2
159590,软件ETF汇添富,52739569.4
159591,A50ETF富国,24537864.6
159592,A50ETF银华,28429589.6
159593,中证A50ETF平安,55935925.5
159595,中证A50ETF大成,170133696.6
159596,A50ETF华宝,17352946.8
159597,创业板成长ETF易方达,76613606.10000001
159599,芯片ETF东财,469432031.8
159600,科创债ETF嘉实,2537752672.0
159601,A50ETF华夏,110404600.6
159602,中国A50ETF南方,9708445.2
159603,科创创业ETF天弘,19172043.6
159605,中概互联ETF广发,449943423.3
159606,中证500成长ETF易方达,17451420.0
159607,中概互联网ETF嘉实,193146614.0
159608,稀有金属ETF广发,263894114.3
159609,光伏ETF浦银,19075694.4
159610,中证500增强ETF景顺,14601168.5
159611,电力ETF广发,540707382.6
159612,标普500ETF国泰,22952008.7
159613,信息安全ETF嘉实,11360967.4
159615,恒生生物科技ETF南方,171997670.9
159616,农牧ETF建信,7031298.8
159617,中证500价值ETF华夏,2157257.5
159618,光伏ETF华安,4127610.5
159619,基建ETF国泰,4049042.4
159620,中证500成长ETF华夏,5344554.6
159621,ESGETF国泰,3870845.6
159622,创新药ETF东财,320318809.2
159623,成渝经济圈ETF博时,18204193.9
159625,绿色电力ETF嘉实,84589716.8
159627,A100ETF华夏,6078274.4
159628,国证2000ETF万家,105243325.2
159629,中证1000ETF富国,168827525.20000002
159630,A100ETF汇添富,564960.6
159631,A100ETF招商,4307940.0
159632,纳斯达克ETF华安,330269284.0
159633,中证1000ETF易方达,521024355.6
159635,基建ETF华夏,36907912.1
159636,港股通科技30ETF工银,1289690618.4
159637,新能源车ETF东财,15588895.5
159638,高端装备ETF嘉实,71870028.0
159639,碳中和ETF南方,8702805.4
159640,碳中和龙头ETF工银,2652365.1
159641,碳中和ETF招商,7310572.8
159642,碳中和ETF大成,225779.2
159643,疫苗ETF国泰,6794100.5
159645,疫苗ETF富国,838682.3999999999
159647,中药ETF鹏华,28086489.1
159649,国开债ETF华安,338433323.4
159650,国开债ETF博时,143950778.4
159651,国开债ETF平安,131029041.5
159652,有色ETF汇添富,173996244.9
159653,ESG300ETF国联安,21912.6
159655,标普500ETF华夏,87321305.5
159656,沪深300成长ETF万家,11392206.5
159657,疫苗ETF鹏华,1424870.9999999998
159658,数字经济ETF华安,19047081.3
159659,纳斯达克100ETF招商,235459514.4
159660,纳指ETF汇添富,130027819.4
159661,A100ETF嘉实,4766670.5
159662,交运ETF南方,8633336.4
159663,机床ETF华夏,132305866.0
159665,半导体龙头ETF工银,98205721.6
159666,交通运输ETF华夏,20647349.1
159667,工业母机ETF国泰,326597941.2
159669,绿色电力ETF国泰,6527019.5
159670,消费50ETF国联安,2253987.0
159671,稀有金属ETF工银,85671437.5
159672,消费ETF博时,3264473.5999999996
159673,沪深300ETF鹏华,49591595.9
159675,创业板增强ETF嘉实,8054163.0
159676,创业板增强ETF富国,13525376.7
159677,中证1000增强ETF银华,14171242.8
159678,500增强ETF博时,9189472.0
159679,中证1000增强ETF国泰,5739193.2
159680,中证1000增强ETF招商,92971152.0
159681,创业板50ETF鹏华,181954020.6
159682,创业板50ETF景顺,707651424.2
159685,1000增强ETF天弘,4397731.6
159686,A100ETF易方达,12072848.0
159687,亚太精选ETF南方,1092188178.0
159688,恒生互联网ETF华安,164872165.6
159689,消费ETF南方,868760.0
159690,有色矿业ETF招商,50159322.0
159691,港股红利ETF工银,331590050.0
159692,证券ETF东财,235602572.7
159695,通信ETF嘉实,104101086.2
159696,纳指ETF易方达,64330281.2
159697,石油ETF鹏华,54712511.0
159698,粮食ETF鹏华,40182177.6
159699,恒生消费ETF广发,36043363.2
159700,科创债ETF南方,7209819747.999999
159701,物联网ETF招商,2701221.0
159703,新材料ETF天弘,9309945.9
159706,深证100ETF华安,2607705.0
159707,地产ETF华宝,57566243.7
159708,红利ETF西部利得,20445042.0
159709,物联网ETF工银,796202.7000000001
159711,港股通50ETF华夏,28231722.6
159712,港股通50ETF国泰,32732416.799999997
159713,稀土ETF富国,94072788.6
159715,稀土ETF易方达,132236257.1
159716,深证100ETF华宝,2637911.1
159717,ESGETF鹏华,1396980.0
159718,港股医药ETF平安,67844507.5
159719,国企ETF平安,4978652.2
159720,智能车ETF泰康,483165.1
159721,深证100ETF永赢,6634177.199999999
159723,科技龙头ETF汇添富,1312127.7999999998
159725,线上消费ETF工银,6406777.3
159726,港股通高股息ETF华夏,29087040.0
159728,在线消费ETF南方,6141788.0
159729,互联网ETF汇添富,1673135.1
159730,家电ETF博时,988376.2
159731,石化ETF华夏,85408533.0
159732,消费电子ETF华夏,852462408.6
159735,港股消费ETF银华,70508718.0
159736,食品饮料ETF天弘,28817176.700000003
159738,云计算ETF华泰柏瑞,26572315.199999996
159739,云计算ETF鹏华,35106533.0
159740,恒生科技ETF大成,1375104537.6
159741,恒生科技ETF嘉实,108393341.4
159742,恒生科技ETF博时,174287757.5
159743,湖北ETF博时,2193072.0
159745,建材ETF国泰,36713052.0
159747,香港科技ETF南方,92558349.0
159748,创新药ETF富国,498943590.6
159750,港股科技50ETF招商,104076720.0
159751,港股通科技ETF鹏华,58002342.3
159752,新能源ETF申万菱信,9874569.6
159755,电池ETF广发,536956396.8000001
159757,电池ETF景顺,14835477.3
159758,红利质量ETF华夏,72045075.2
159760,医疗健康ETF泰康,1869246.0
159761,新材料ETF国泰,48602617.0
159763,新材料ETF建信,11071761.6
159766,旅游ETF富国,154256258.60000002
159767,电池龙头ETF兴银,9707971.2
159768,房地产ETF银华,42359563.0
159770,机器人ETF天弘,233883473.6
159773,创业板科技ETF华泰柏瑞,8772346.1
159775,电池ETF建信,19293870.2
159776,港股医药ETF银华,44135757.0
159777,创科技ETF国联安,5256368.1
159778,工业互联网ETF鹏华,3998675.2
159779,消费电子ETF招商,23423214.1
159780,科创创业50ETF南方,225057505.0
159781,科创创业ETF易方达,1048626126.6
159782,双创50ETF银华,70061313.60000001
159783,科创创业50ETF华夏,348541650.40000004
159786,VRETF银华,41800441.2
159787,建材ETF易方达,1056628.1
159788,港股通100ETF易方达,26812610.000000004
159790,碳中和ETF华夏,31104467.4
159791,300ESGETF华夏,2193441.0
159792,港股通互联网ETF富国,2548383376.0
159793,线上消费ETF平安,1280831.8
159795,智能汽车ETF汇添富,945450.0
159796,电池ETF汇添富,286795714.7
159797,医疗器械ETF汇添富,3649662.8
159798,消费ETF易方达,14627682.0
159800,中证800ETF鹏华,459461.8
159801,芯片ETF广发,575146705.0
159804,创中盘88ETF国寿,256640.5
159805,传媒ETF鹏华,43575168.0
159806,新能源车ETF国泰,29148637.999999996
159807,科技ETF易方达,87620009.39999999
159808,创100ETF融通,2420992.0
159810,创业板ETF浦银,5493852.0
159811,5GETF博时,74063593.5
159812,黄金ETF前海开源,23411113.500000004
159813,半导体ETF鹏华,922030834.4
159814,创业大盘ETF西部利得,64664237.0
159816,0-4年地方债ETF鹏华,982481520.0
159819,人工智能ETF易方达,1072085827.5
159820,中证500ETF天弘,14259872.0
159821,创业板ETF中银证券,3322516.1999999997
159822,新经济ETF银华,9859565.999999998
159824,新能源车ETF博时,5435044.0
159825,农业ETF富国,87942128.0
159827,农业ETF银华,2034859.2
159828,医疗ETF国泰,63644532.4
159830,金ETF天弘,32775147.500000004
159831,金ETF嘉实,34128738.800000004
159834,金ETF南方,44089993.2
159835,创新药ETF建信,38056390.8
159836,创业板300ETF天弘,4088900.7
159837,生物科技ETF易方达,53982228.3
159838,医药50ETF博时,7486072.200000001
159839,生物医药ETF汇添富,92787123.0
159840,锂电池ETF工银,111158828.1
159841,证券ETF天弘,579325901.6999999
159842,券商ETF银华,586106757.6
159843,食品饮料ETF招商,11666692.1
159845,中证1000ETF华夏,1607391028.6
159847,医疗ETF易方达,34159584.0
159848,证券ETF国联安,8109905.100000001
159849,生物科技ETF招商,3398121.8
159850,恒生国企ETF华夏,13593867.3
159851,金融科技ETF华宝,343247036.8
159852,软件ETF嘉实,389789977.5
159855,影视ETF银华,13515615.8
159856,互联网龙头ETF工银,1811167.2
159857,光伏ETF天弘,127189822.4
159858,创新药ETF南方,58091241.6
159859,生物医药ETF天弘,251556998.4
159861,碳中和50ETF国泰,8838926.0
159862,食品饮料ETF银华,3272535.2
159863,光伏ETF鹏华,8298114.0
159864,光伏ETF国泰,25490319.4
159865,养殖ETF国泰,331723417.2
159866,日经ETF工银,256577181.8
159867,养殖ETF鹏华,53748943.0
159869,游戏ETF华夏,940024360.0
159870,化工ETF鹏华,803805945.0
159871,有色ETF银华,59809114.9
159872,智能网联汽车ETF鹏华,331468.0
159873,医疗设备ETF天弘,12995041.4
159875,新能源ETF嘉实,181798910.8
159876,有色ETF华宝,201100237.8
159877,医疗ETF南方,2555921.9
159880,有色ETF鹏华,55483660.0
159881,有色金属ETF国泰,24859310.8
159883,医疗器械ETF永赢,74822227.5
159885,碳中和ETF鹏华,1497337.4
159886,机械ETF富国,8042428.8
159887,银行ETF富国,103128303.6
159888,智能汽车ETF华夏,29851294.2
159889,智能汽车ETF国泰,1724112.1
159890,云计算ETF招商,34765539.7
159891,医疗ETF建信,15023926.8
159892,恒生医药ETF华夏,1022058499.0
159895,物联网ETF易方达,2724260.0
159896,物联网ETF南方,2703655.0
159898,医疗器械ETF招商,16230664.0
159899,软件ETF招商,22738977.6
159901,深证100ETF易方达,458362963.4
159902,中小100ETF华夏,12706924.5
159903,深成ETF南方,55493509.3
159905,红利ETF工银,36121921.0
159906,深成长ETF大成,20617507.5
159907,国证2000ETF广发,12401356.8
159908,创业板ETF博时,68958758.39999999
159909,TMT50ETF招商,15255773.4
159910,基本面120ETF嘉实,383229.0
159912,深300ETF汇添富,2142257.6
159913,深价值ETF交银,492750.0
159915,创业板ETF易方达,7573494267.199999
159916,基本面ETF建信,9612521.1
159918,中创400ETF嘉实,1312554.6
159919,沪深300ETF嘉实,2885540284.2
159920,恒生ETF华夏,419027968.00000006
159922,中证500ETF嘉实,835833504.0
159923,中证A100ETF大成,2933074.3
159925,沪深300ETF南方,101013530.8
159928,消费ETF汇添富,306677017.6
159929,医药ETF汇添富,135003201.6
159930,能源ETF汇添富,92988366.4
159931,金融地产ETF汇添富,179424.0
159933,金融地产ETF国投瑞银,777236.7999999999
159934,黄金ETF易方达,798224779.7
159935,中证500ETF景顺,2246790.0
159936,可选消费ETF广发,1213530.0
159937,黄金ETF博时,755002223.4000001
159938,医药ETF广发,98032845.6
159939,信息技术ETF广发,78341169.60000001
159940,金融地产ETF广发,8476760.5
159941,纳指ETF广发,1267258408.2
159943,深证成指ETF大成,36785332.8
159944,材料ETF广发,7525434.0
159945,能源ETF广发,9827933.4
159948,创业板ETF南方,110658492.4
159949,创业板50ETF华安,3096277312.7999997
159952,创业板ETF广发,507335718.8
159954,恒生中国企业ETF南方,5689631.399999999
159956,创业板ETF建信,8931306.1
159957,创业板ETF华夏,316152675.4
159958,创业板ETF工银,11707783.4
159959,央企ETF银华,369685.4
159960,恒生中国企业ETF平安,8854626.6
159961,深100ETF方正富邦,2447337.0
159964,创业板ETF平安,10384545.0
159965,央视50ETF国联,407868.5
159966,创业板价值ETF华夏,8100244.0
159967,创业板成长ETF华夏,1074340422.9
159968,中证500ETF博时,18586889.200000003
159970,深100ETF工银,505462.3
159971,创业板ETF富国,105661191.8
159972,5年地方债ETF鹏华,541043327.5
159973,民企ETF弘毅远方,805179.2000000001
159974,央企创新ETF富国,2173562.1999999997
159975,深100ETF招商,6033682.199999999
159976,湾创ETF工银,101363.6
159977,创业板ETF天弘,165279870.4
159980,有色ETF大成,316536425.6
159981,能源化工ETF建信,283216331.6
159982,中证500ETF鹏华,20530937.0
159985,豆粕ETF华夏,570544907.1999999
159991,创业板大盘ETF招商,11344204.8
159992,创新药ETF银华,1512471240.0
159993,证券ETF鹏华,279861187.6
159994,通信ETF银华,426755778.00000006
159995,芯片ETF华夏,2263876247.8
159996,家电ETF国泰,48997065.0
159997,电子ETF天弘,131716327.6
159998,计算机ETF天弘,142971059.4
161226,国投白银LOF,331954918.40000004
501018,南方原油LOF,133817605.5
510010,180治理ETF交银,6620.0
510020,超大盘ETF博时,3168256.0
510030,价值ETF华宝,6699691.2
510040,上证180ETF鹏华,2977075.5
510050,上证50ETF华夏,1874399326.8
510060,央企ETF工银,226092.00000000003
510090,责任ETF建信,1896.8
510100,上证50ETF易方达,411124837.2
510130,上证中盘ETF易方达,1827730.3
510150,消费ETF招商,40937352.5
510160,产业升级ETF南方,681005.6
510170,大宗商品ETF国联安,30829823.4
510180,上证180ETF华安,200531802.8
510190,上证50ETF华安,1794439.2000000002
510200,上证券商ETF汇安,10770489.6
510210,上证指数ETF富国,1279652181.6
510230,金融ETF国泰,126645309.0
510270,国企ETF中银,2511379.2
510290,上证380ETF南方,4903140.0
510300,沪深300ETF华泰柏瑞,6640394959.999999
510310,沪深300ETF易方达,4068563991.000001
510320,沪深300ETF中金,23442891.6
510330,沪深300ETF华夏,646548294.4
510350,沪深300ETF工银,15621389.999999998
510360,沪深300ETF广发,76560401.0
510370,沪深300ETF兴业,8852195.0
510380,沪深300ETF国寿,2455158.9
510390,沪深300ETF平安,3666936.0
510410,资源ETF博时,18227443.0
510500,中证500ETF南方,3666067253.3
510510,中证500ETF广发,66004477.50000001
510530,中证500ETF工银,9215891.1
510550,中证500ETF方正富邦,3086794.2
510560,中证500ETF国寿,5302665.600000001
510570,中证500ETF兴业,4125618.000000001
510580,中证500ETF易方达,309360198.0
510590,中证500ETF平安,2544525.6
510600,上证50ETF申万菱信,5683482.5
510630,消费ETF华夏,42079536.2
510650,金融地产ETF华夏,256447.6
510660,医药ETF华夏,35779150.2
510670,上证180ETF华夏,4999094.1
510680,上证50ETF万家,6822588.5
510710,上证50ETF博时,3431371.9999999995
510720,红利国企ETF国泰,214309616.5
510760,上证指数ETF国泰,231444853.8
510770,G60创新ETF申万菱信,7522482.0
510800,上证50ETF建信,6064934.9
510810,上海国企ETF汇添富,3913121.999999999
510850,上证50ETF工银,18799866.6
510880,红利ETF华泰柏瑞,1514392154.0
510900,恒生中国企业ETF易方达,157944465.0
510910,上证指数ETF南方,29691184.6
510950,上证50ETF广发,13508388.5
510980,上证指数ETF汇添富,110413846.2
510990,180ESGETF工银,5400581.8
511010,国债ETF国泰,430850298.5
511020,国债ETF平安,654874338.3
511030,公司债ETF平安,1974145571.2
511060,5年地方债ETF海富通,402411614.1
511070,公司债ETF南方,9782922513.599998
511090,30年国债ETF鹏扬,4468831186.0
511100,国债ETF华夏,10493338220.5
511110,公司债ETF易方达,4732001295.0
511120,科创债ETF广发,4256572488.0
511130,30年国债ETF博时,2950244025.1
511150,科创债ETF永赢,2207920914.0
511160,国债ETF东财,430528954.7
511180,可转债ETF海富通,1953671989.5
511190,信用债ETF海富通,2166764355.6
511200,信用债ETF华夏,6336686721.6
511220,城投债ETF海富通,1810087862.5
511260,十年国债ETF国泰,6162727890.599999
511270,10年地方债ETF海富通,1174042728.0
511360,短融ETF海富通,17646367777.2
511380,可转债ETF博时,8117648636.400001
511520,政金债ETF富国,2307052307.0
511580,国债政金债ETF招商,1974606543.2
511600,华安日日鑫ETF,3050000.0
511620,货币ETF国泰,25630768.9
511650,货币ETF华夏,17480000.0
511660,货币ETF建信,503790075.6
511670,华泰天天金ETF,4140000.0
511690,交易货币ETF大成,10770430.8
511700,货币ETF平安,72294337.4
511770,金鹰增益货币ETF,140000.0
511800,易方达货币ETF,3739850.4
511810,货币ETF南方,7480149.6
511820,鹏华添利ETF,1360000.0
511830,货币ETF华泰柏瑞,130000.0
511850,招商财富宝ETF,65153257.5
511860,货币ETF博时,7050141.0
511900,富国货币ETF,7780000.0
511920,货币ETF广发,1210242.0
511930,货币ETF国联,19999.8
511950,添利货币ETF广发,1569984.2999999998
511960,货币ETF嘉实,4340000.0
511970,国寿货币ETF,690000.0
511980,货币ETF汇添富,310167.4
512000,券商ETF华宝,2235327395.4
512010,医药ETF易方达,866485981.1999999
512020,A500ETF鹏华,60441295.2
512030,中证A50增强ETF易方达,6459860.000000001
512040,价值100ETF富国,200470150.4
512050,A500ETF华夏,1802293634.4
512060,A100ETF天弘,2412526.1999999997
512070,证券保险ETF易方达,776946445.2
512080,A500ETF中金,11723335.0
512090,MSCIA股ETF易方达,98768272.5
512100,中证1000ETF南方,3026025680.7000003
512120,医药ETF华安,27612614.4
512130,全指现金流ETF鹏华,307123.2
512140,电力ETF华安,18721247.6
512150,富时A50ETF汇安,1907300.2
512160,MSCI中国A股ETF南方,3751710.0
512170,医疗ETF华宝,657246220.9
512180,MSCIA股ETF建信,32880.799999999996
512190,浙商之江凤凰ETF,910807.9
512200,房地产ETF南方,113600375.0
512220,TMTETF景顺,50056089.900000006
512240,A50ETF鹏华,450272.5
512250,A50ETF招商,3379344.1
512260,中证500低波动ETF华安,1654023.0
512290,生物医药ETF国泰,288850287.6
512330,信息科技ETF南方,30001163.4
512360,MSCIA股ETF平安,257149.8
512370,A500增强ETF华夏,6044395.0
512380,MSCI中国ETF银华,7809621.3
512390,中国低波ETF平安,25887.6
512400,有色金属ETF南方,1248979504.0
512430,家居家电ETF华泰柏瑞,2832819.2
512450,畜牧养殖ETF广发,13794235.0
512460,电池ETF华夏,18246023.2
512480,UC半导体ETF国联安,1479146940.0
512500,中证500ETF华夏,617458458.8
512510,中证500ETF华泰柏瑞,26758156.6
512520,MSCI中国ETF华泰柏瑞,853854.0
512530,沪深300红利ETF建信,7485954.300000001
512550,富时A50ETF嘉实,12403579.1
512560,军工ETF易方达,87868433.4
512570,证券ETF易方达,418678730.6
512580,环保ETF广发,11105294.4
512600,消费ETF嘉实,16762274.4
512620,农业ETF天弘,18198431.1
512630,卫星ETF广发,207947332.8
512640,金融地产ETF嘉实,9236582.4
512650,长三角ETF汇添富,6994915.199999999
512660,军工ETF国泰,348556579.2
512670,国防ETF鹏华,84441782.39999999
512680,军工ETF广发,161239357.1
512690,酒ETF鹏华,622453431.6
512700,银行ETF南方,89571334.80000001
512710,军工龙头ETF富国,435430353.4
512720,计算机ETF国泰,50773010.8
512730,银行ETF鹏华,13945014.5
512750,基本面50ETF嘉实,3854520.0
512760,芯片ETF国泰,1100396717.0
512770,战略新兴ETF华夏,20928256.6
512800,银行ETF华宝,1753750702.0
512810,军工ETF华宝,36610673.0
512820,银行ETF汇添富,90826754.0
512870,杭州湾区ETF南华,328329.5
512880,证券ETF国泰,3972467194.999999
512890,红利低波ETF华泰柏瑞,789177978.9
512900,证券ETF南方,82883942.5
512910,A100ETF广发,10484267.4
512930,AI人工智能ETF平安,282441440.0
512940,有色ETF华安,70031563.8
512950,央企改革ETF华夏,13193139.6
512960,央企结构调整ETF博时,9359915.6
512970,大湾区ETF平安,1591200.0
512980,传媒ETF广发,226485420.0
512990,MSCIA股ETF华夏,1899365.4
513000,日经225ETF易方达,216258480.0
513010,恒生科技ETF易方达,1088197138.6999998
513020,港股科技ETF国泰,228562066.0
513030,德国ETF华安,36210246.3
513040,港股通互联网ETF易方达,613613391.4
513050,中概互联网ETF易方达,2867411518.2
513060,恒生医疗ETF博时,1170517616.8
513070,港股通消费ETF易方达,166328240.5
513080,法国ETF华安,45619751.7
513090,香港证券ETF易方达,6079941407.4
513100,纳指ETF国泰,738007946.0
513110,纳指ETF华泰柏瑞,251503761.4
513120,港股创新药ETF广发,8661727809.9
513130,恒生科技ETF华泰柏瑞,3473530258.5000005
513140,港股通金融ETF华泰柏瑞,112609047.1
513150,港股通科技ETF华泰柏瑞,127630303.8
513160,港股科技ETF银华,426137787.5
513170,恒生央企ETF鹏华,11154998.4
513180,恒生科技ETF华夏,3251843914.7999997
513190,港股通金融ETF华夏,624380790.0
513200,港股通医药ETF易方达,275734822.5
513210,恒生ETF易方达,21601968.0
513220,中概互联ETF招商,64532469.6
513230,港股通消费ETF华夏,26632652.799999997
513240,港股通信息技术ETF华安,212649969.6
513260,恒生科技ETF汇添富,387394042.0
513280,恒生生物科技ETF汇添富,141223404.0
513290,纳指生物科技ETF汇添富,431034483.0
513300,纳斯达克ETF华夏,386632557.9
513310,中韩半导体ETF华泰柏瑞,8887503303.7
513320,港股通新经济ETF易方达,20564910.0
513330,恒生互联网ETF华夏,2573550099.5
513350,标普油气ETF富国,139821473.1
513360,教育ETF博时,41505471.2
513380,恒生科技ETF广发,332225740.8
513390,纳指100ETF博时,200950302.0
513400,道琼斯ETF鹏华,129347530.0
513500,标普500ETF博时,354042776.1
513520,日经ETF华夏,415958620.0
513530,港股通红利ETF华泰柏瑞,207724872.6
513550,港股通50ETF华泰柏瑞,46932582.4
513560,香港科技ETF兴银,60504870.0
513580,恒生科技ETF华安,173788375.20000002
513590,港股通消费ETF鹏华,10252062.6
513600,恒生指数ETF南方,240902544.5
513620,港股医疗ETF银华,37113649.3
513630,港股低波红利ETF摩根,302894300.8
513650,标普500ETF南方,233076355.2
513660,恒生ETF华夏,95736196.8
513690,港股红利ETF博时,204131977.49999997
513700,港股通医药ETF鹏华,220021348.8
513720,港股互联网ETF国泰,21414063.6
513730,东南亚科技ETF华泰柏瑞,19117801.2
513750,港股通非银ETF广发,791880534.4
513770,港股互联网ETF华宝,804913850.9000001
513780,港股创新药ETF景顺,738986200.8000001
513800,日本东证指数ETF南方,64375830.0
513810,港股国企ETF华夏,37019357.6
513820,港股通红利ETF汇添富,95332622.0
513830,港股通高股息ETF嘉实,4499679.800000001
513850,美国50ETF易方达,60523549.5
513860,港股通科技ETF海富通,183450822.9
513870,纳指ETF富国,165368258.99999997
513880,日经225ETF华安,273781260.0
513890,恒生科技ETF摩根,90289641.6
513900,港股通100ETF华安,28928851.8
513910,港股通央企红利ETF华夏,323009843.2
513920,港股通央企红利ETF华安,166497392.0
513930,恒生生物科技ETF华泰柏瑞,163348560.0
513950,恒生红利ETF富国,85222546.60000001
513970,恒生消费ETF景顺,81842643.0
513980,港股科技ETF景顺,697109239.9999999
513990,港股通ETF招商,30806452.6
515000,科技ETF华宝,274972390.0
515010,证券ETF华夏,129273060.0
515020,银行ETF华夏,114627546.0
515030,新能源车ETF华夏,188461322.0
515050,通信ETF华夏,2205872770.4
515060,房地产ETF华夏,45714031.599999994
515070,人工智能ETF华夏,388679409.3
515080,中证红利ETF招商,469497203.2
515090,可持续发展ETF博时,3071491.5
515100,红利低波100ETF景顺,149710962.9
515110,一带一路ETF易方达,9713511.5
515120,创新药ETF广发,1193723249.6
515130,沪深300ETF博时,12888300.4
515150,一带一路ETF富国,4616069.2
515160,MSCI中国ETF招商,1061682.0
515170,食品饮料ETF华夏,82252896.0
515180,红利ETF易方达,421134496.5
515190,中证500ETF中银证券,7122477.3
515200,创新100ETF申万菱信,5165688.0
515210,钢铁ETF国泰,104918839.2
515220,煤炭ETF国泰,1409216514.5
515230,软件ETF国泰,169615159.1
515250,智能汽车ETF富国,52919685.0
515260,电子ETF华宝,116480623.2
515290,银行ETF天弘,50964482.4
515300,300红利低波ETF嘉实,107029418.9
515310,沪深300ETF汇添富,38255809.8
515320,电子50ETF华安,19718569.4
515330,沪深300ETF天弘,15528746.1
515350,沪深300ETF民生加银,7422767.1
515360,沪深300ETF方正富邦,139140.0
515370,光伏ETF华夏,33372242.5
515380,沪深300ETF泰康,25414875.0
515390,沪深300ETF华安,260607127.5
515400,大数据ETF富国,112052839.2
515450,红利低波50ETF南方,235350386.5
515460,红利质量ETF南方,14598665.0
515530,中证500ETF泰康,4838825.0
515550,中证500ETF国联,2328458.0
515560,证券ETF建信,16577521.2
515580,科技100ETF华泰柏瑞,18908200.8
515590,500等权ETF前海开源,2477015.0
515600,央企创新ETF广发,2970663.3000000003
515630,证券保险ETF鹏华,125424587.6
515640,家电ETF华夏,2084336.0
515650,消费50ETF富国,52152903.0
515660,沪深300ETF国联安,6112068.600000001
515680,央企创新ETF嘉实,2896045.8000000003
515700,新能源车ETF平安,73415613.6
515710,食品饮料ETF华宝,24508014.0
515720,金融科技ETF富国,14373708.8
515730,家居家电ETF永赢,1273992.0
515750,科技50ETF富国,15553882.4
515760,浙江国资ETF华夏,7949209.4
515770,MSCI中国A股ETF摩根,13799346.6
515790,光伏ETF华泰柏瑞,377746464.7
515800,中证800ETF汇添富,102486915.5
515810,中证800ETF易方达,13905900.0
515850,证券ETF富国,92600296.2
515860,科技ETF嘉实,9376136.4
515880,通信ETF国泰,7739233571.200001
515890,红利ETF博时,11435346.8
515900,央企创新ETF博时,9754584.0
515910,质量ETF中金,3064857.6
515920,智能消费ETF博时,9908705.5
515950,医药50ETF富国,19993803.0
515960,医药ETF嘉实,11139135.7
515970,工程机械ETF华夏,90577640.0
515980,人工智能ETF华富,517428655.7999999
515990,一带一路ETF汇添富,3057824.0
516000,大数据ETF华夏,29787079.4
516010,游戏ETF国泰,150863584.60000002
516020,化工ETF华宝,165998141.39999998
516050,科技龙头ETF工银,26262290.1
516060,创新药ETF工银,21149017.2
516070,低碳ETF易方达,20136597.1
516080,创新药ETF易方达,341297699.6
516090,新能源ETF易方达,72448085.5
516100,金融科技ETF华夏,50687987.2
516110,汽车ETF国泰,42698131.2
516120,化工ETF富国,181192305.2
516130,消费龙头ETF华宝,10462545.0
516150,稀土ETF嘉实,390843880.2
516160,新能源ETF南方,191881532.4
516180,光伏ETF平安,10159360.0
516190,传媒ETF华夏,20531320.7
516200,证券ETF华安,34648722.5
516210,银行ETF华安,11091840.0
516220,化工ETF国泰,39513067.2
516230,光伏ETF招商,11299499.2
516250,工程机械ETF富国,21390432.0
516260,物联网ETF华夏,2856464.0
516270,新能源ETF华安,12228569.6
516290,光伏ETF汇添富,35963239.199999996
516300,中证1000ETF华泰柏瑞,6931931.0
516310,银行ETF易方达,147815261.8
516320,高端装备ETF华夏,9234204.1
516330,物联网ETF华泰柏瑞,3175769.1
516350,芯片ETF易方达,368487241.2
516360,新材料ETF华宝,6726511.2
516370,电力ETF汇添富,29081004.4
516380,智能电动车ETF华宝,1180179.2
516390,新能源车ETF汇添富,5632878.0
516460,现金流ETF800鹏华,26873744.8
516500,生物科技ETF华夏,14842296.0
516510,云计算ETF易方达,192161370.0
516520,智能驾驶ETF华泰柏瑞,64440394.2
516530,物流ETF银华,694789.2
516550,农业ETF嘉实,6978352.5
516560,养老ETF华宝,8307847.5
516570,化工行业ETF易方达,83467643.69999999
516580,新能源ETF博时,2557315.2
516590,智能汽车ETF易方达,4171431.9
516600,消费服务ETF工银,5489320.0
516610,医疗设备ETF大成,7217683.199999999
516620,影视ETF国泰,24684107.1
516630,云计算ETF华夏,43185335.6
516640,芯片ETF富国,458900165.2000001
516650,有色金属ETF华夏,257225078.0
516660,新能源车ETF华安,3467089.5999999996
516670,畜牧养殖ETF招商,57213288.0
516700,大数据ETF华宝,16761112.0
516710,新材料ETF华夏,13106497.6
516720,ESGETF浦银,368982.1
516730,证券ETF浦银,15721464.0
516750,建材ETF富国,3788162.7
516760,养殖ETF平安,15347845.8
516770,游戏ETF华泰柏瑞,48148934.1
516780,稀土ETF华泰柏瑞,126503099.1
516790,医疗ETF华泰柏瑞,3518049.8
516800,智能制造ETF华宝,17350639.599999998
516810,农业ETF华夏,98996081.0
516820,医疗创新ETF平安,88135387.2
516830,沪深300ESGETF富国,9989050.5
516840,汽车ETF南方,5583478.8
516850,新能源ETF华夏,16887066.3
516860,金融科技ETF博时,80018424.5
516880,光伏ETF银华,45809208.8
516890,新材料ETF平安,2241342.0
516900,食品饮料ETF华安,10632011.0
516910,物流ETF富国,10833240.0
516920,芯片ETF汇添富,97410950.0
516930,生物科技ETF民生加银,984596.8
516950,基建ETF银华,8693907.5
516960,机械ETF国泰,2303577.5
516970,基建ETF广发,50529600.0
516980,证券先锋ETF华富,7646445.600000001
517000,沪港深500ETF银华,1173747.8
517010,沪港深500ETF易方达,3554798.4
517030,沪港深300ETF易方达,245114.39999999997
517050,互联网ETF华泰柏瑞,3961102.5
517080,沪港深500ETF汇添富,614768.2
517090,央企共赢ETF国泰,10098287.0
517100,沪港深500ETF富国,430439.4
517110,创新药ETF国泰,203681982.4
517120,创新药ETF华泰柏瑞,121992500.5
517130,云计算ETF嘉实,6478315.699999999
517160,长江保护ETF南方,1494793.2999999998
517170,沪港深500ETF华夏,481018.5
517180,中国国企ETF南方,6148337.3
517200,互联网ETF嘉实,2189992.0
517300,沪港深300ETF国寿,1767950.7999999998
517330,长江保护ETF易方达,753270.0
517350,沪港深科技ETF广发,1772961.9
517360,沪港深科技ETF华安,557941.8
517380,创新药ETF天弘,87459447.6
517390,云计算ETF天弘,12270105.0
517400,黄金股ETF国泰,90578499.9
517520,黄金股ETF永赢,408543480.0
517550,沪港深消费龙头ETF招商,6561343.0
517660,物联网ETF天弘,1244672.0
517770,游戏传媒ETF浦银,9335155.2
517800,人工智能50ETF方正富邦,17962328.0
517850,张江ETF汇添富,1823007.6
517880,品牌消费ETF华泰柏瑞,1919302.0
517900,银行AH优选ETF招商,45133498.8
517950,沪深港科技50ETF交银,12881871.2
517990,沪港深医药ETF招商,2034448.9
518600,金ETF广发,531176345.99999994
518660,黄金ETF工银,211471131.99999997
518680,金ETF富国,168998759.70000002
518800,黄金ETF国泰,417295802.7
518850,黄金ETF华夏,361890076.9
518860,上海金ETF建信,38501195.7
518880,黄金ETF华安,4364447025.0
518890,上海金ETF中银,34526773.6
520500,恒生创新药ETF华泰柏瑞,2504506516.1
520510,港股通医疗ETF华夏,181936169.8
520520,恒生消费ETF华泰柏瑞,5860849.5
520530,港股通科技ETF东财,40246944.4
520550,港股红利低波ETF招商,72895074.8
520560,香港大盘30ETF华宝,15954706.6
520570,恒生科技ETF南方,190849280.4
520580,新兴亚洲ETF招商,5407726.0
520590,恒生科技ETF鹏华,17654058.0
520600,港股通汽车ETF广发,216298394.99999997
520610,港股红利低波ETF银华,9950802.0
520620,恒生消费ETF嘉实,11571577.6
520630,港股通互联网ETF广发,19647196.8
520650,港股通互联网ETF南方,140299985.10000002
520660,港股通央企红利ETF南方,114060009.6
520670,港股通科技ETF嘉实,13852694.8
520680,港股通汽车ETF南方,4065209.6
520690,港股创新药ETF博时,157211952.5
520700,港股通创新药ETF万家,487497256.4
520710,港股通信息技术ETF广发,51384450.0
520720,港股汽车ETF国泰,38251605.6
520730,港股通汽车ETF万家,15006335.2
520760,恒生生物科技ETF摩根,34344912.0
520770,恒指港股通ETF建信,8961020.9
520780,港股通汽车ETF华宝,23901864.0
520790,港股通互联网ETF兴业,6884339.0
520810,港股通红利ETF易方达,6495771.0
520820,恒指港股通ETF汇添富,2338851.6
520830,沙特ETF华泰柏瑞,17547761.6
520840,港股通恒生科技ETF华安,69757778.0
520850,港股通医疗ETF易方达,25814498.5
520860,港股通科技ETF富国,32846186.4
520870,巴西ETF易方达,24861730.4
520880,港股通创新药ETF华宝,902834940.0
520890,港股通红利低波ETF华泰柏瑞,29304610.500000004
520900,港股通红利ETF广发,151468459.5
520910,港股通互联网ETF华夏,53540191.0
520920,恒生科技ETF天弘,226902192.0
520930,恒生生物科技ETF国泰,43689498.7
520940,港股通恒生ETF华安,9712073.2
520950,港股通50ETF摩根,28895944.0
520960,恒指港股通ETF嘉实,2872316.5
520970,港股通创新药ETF嘉实,176757993.0
520980,港股通科技ETF汇添富,438109271.6
520990,港股央企红利ETF景顺,175092040.0
526000,港股通信息技术ETF华夏,563777456.3
526010,港股通医疗ETF汇添富,11286486.6
526030,港股通信息技术ETF汇添富,21996353.8
526050,港股通信息技术ETF招商,131875555.8
526070,恒指港股通ETF博时,9451500.8
530000,上证50ETF天弘,3540097.1
530050,上证50ETF东财,15426105.0
530060,上证指数ETF易方达,77624635.2
530080,上证180ETF天弘,7262781.0
530100,上证580ETF易方达,6146235.0
530180,上证180ETF易方达,10277242.9
530280,上证180ETF平安,34818.4
530300,上证180ETF华泰柏瑞,8831362.5
530380,上证380ETF易方达,4740295.0
530530,上证580ETF华夏,5060016.0
530580,上证180ETF南方,32524707.6
530680,上证180ETF兴业,5919073.199999999
530800,上证180ETF银华,2912508.0
530880,红利国企ETF银河,3677352.0
551000,科创债ETF博时,51412593.400000006
551030,科创债ETF鹏华,4998096359.0
551060,科创债ETF中银,4470236918.5
551300,科创债ETF摩根,2290575399.5
551500,科创债ETF易方达,6510871155.599999
551510,科创债ETF华泰柏瑞,5518790729.4
551520,科创债ETF汇添富,7378091640.5
551550,科创债ETF华夏,5053931435.3
551560,科创债ETF兴业,2679429565.2
551580,科创债ETF泰康,1593131904.0
551800,科创债ETF国泰,14117041068.6
551900,科创债ETF招商,9710758950.2
560010,中证1000ETF广发,1710542928.8
560020,红利ETF汇添富,6989063.600000001
560030,800价值ETF汇添富,178494.80000000002
560050,中国A50ETF汇添富,75160315.5
560060,碳中和ETF汇添富,936845.3
560070,央企红利ETF汇添富,4386163.2
560080,中药ETF汇添富,74885839.60000001
560090,证券ETF汇添富,194586638.4
560100,中证500增强ETF南方,18689259.6
560110,中证1000ETF汇添富,16528838.3
560120,中证500现金流ETF华夏,29196984.6
560130,食品ETF鹏华,434290.4
560150,红利低波ETF泰康,4716503.0
560160,食品ETF易方达,3412722.6
560170,央企科技ETF南方,78448753.8
560180,沪深300ESGETF南方,7619333.0
560190,公用事业ETF鹏华,557868.6
560210,农牧渔ETF景顺,9543362.4
560220,中证2000ETF广发,5222061.600000001
560230,光伏ETF富国,13582572.2
560250,红利质量ETF富国,3506952.5
560260,医疗ETF广发,17979483.0
560270,电力ETF工银,11783916.6
560280,工程机械ETF广发,239494317.6
560290,有色ETF景顺,23106760.799999997
560300,电信ETF汇添富,1790787.6
560310,光伏ETF博时,2965269.4
560320,食品ETF富国,4053148.4
560330,沪深300价值ETF申万菱信,704020.3999999999
560350,中证A50ETF摩根,57378168.0
560360,软件ETF万家,6124459.100000001
560370,红利质量ETF易方达,3603815.6
560380,A100ETF南方,12575887.8
560390,电网设备ETF易方达,176606434.6
560400,证券ETF华泰柏瑞,37336355.4
560410,电池ETF鹏华,2838429.0
560420,食品ETF前海开源,3137748.0
560450,电力ETF天弘,19961739.9
560460,电力ETF平安,7815650.7
560470,有色ETF易方达,21049544.1
560480,电力ETF招商,12485988.0
560490,工业有色ETF华泰柏瑞,16380770.0
560500,500质量成长ETF鹏扬,4883931.9
560510,中证A500ETF泰康,91113264.2
560520,红利低波100ETF大成,1385130.6
560530,中证A500ETF摩根,88349724.60000001
560550,碳中和ETF广发,1499986.4
560560,碳中和ETF泰康,2459691.5
560570,A500红利ETF国联安,26034732.4
560580,电力ETF南方,11861673.2
560590,中证1000增强ETF鹏华,3469504.5
560610,A500ETF招商,124518614.4
560620,公用事业ETF万家,458213.0
560630,机器人ETF万家,14432523.7
560660,云计算50ETF新华,10455244.8
560670,银行ETF华泰柏瑞,14237125.4
560680,消费ETF广发,16289588.999999998
560690,电信ETF鹏华,4838917.9
560700,央企红利ETF广发,15147763.2
560710,船舶ETF富国,65771858.0
560720,红利低波100ETF工银,6479085.600000001
560750,A500ETF申万菱信,15707066.0
560770,机器人ETF招商,41751561.1
560780,半导体设备ETF广发,1727377478.3
560790,软件ETF鹏华,2914611.6999999997
560800,数字经济ETF鹏扬,21954367.1
560810,央企ESGETF融通,542072.7
560820,中证A50ETF新华,119503.2
560830,电力ETF华夏,23647142.4
560850,信创ETF汇添富,9589639.2
560860,工业有色ETF万家,429136500.0
560870,工业有色ETF中银,13831244.4
560880,家电ETF广发,29218899.4
560900,创新药ETF摩根,43256041.4
560910,电池ETF华泰柏瑞,13612580.4
560930,电力ETF易方达,14164062.5
560950,中证500增强ETF汇添富,987608.7
560970,工业有色ETF平安,3655537.2
560980,光伏龙头ETF广发,50448895.8
560990,科技先锋ETF中金,1746988.4
561000,沪深300增强ETF华安,3433132.0
561010,软件ETF华安,8428640.0
561030,工程机械ETF华泰柏瑞,8743226.1
561050,稀有金属ETF易方达,13340962.8
561060,国企红利ETF华安,1148040.0
561080,全指现金流ETF华安,3401030.1
561090,A500增强ETF华安,10546091.1
561100,消费电子ETF富国,117731928.0
561120,家电ETF富国,10196078.8
561130,国货ETF富国,21612894.4
561160,电池ETF富国,78923984.0
561170,绿色电力ETF富国,63688583.99999999
561180,A100ETF富国,3300271.2
561190,碳中和ETF富国,6852710.4
561200,中证A100ETF工银,1635309.2
561220,数字经济ETF工银,8050350.0
561230,中证A50ETF工银,18047890.4
561260,能源ETF工银,5791121.7
561280,中证1000增强ETF工银,7176820.399999999
561300,沪深300增强ETF国泰,24804545.9
561310,消电ETF国泰,17958191.400000002
561320,交运ETF国泰,1225735.3
561330,矿业ETF国泰,65952230.0
561350,中证500ETF国泰,35506572.0
561360,石油ETF国泰,53425537.2
561370,中证2000ETF国泰,1437312.5
561380,电网设备ETF国泰,139799301.5
561430,红利质量ETF博时,7430649.2
561500,漂亮50ETF华泰柏瑞,9634867.2
561510,中药ETF华泰柏瑞,2315632.0
561550,中证500增强ETF华泰柏瑞,143900776.6
561560,电力ETF华泰柏瑞,82958652.0
561570,油气ETF华泰柏瑞,24102267.7
561580,央企红利ETF华泰柏瑞,77458131.0
561590,中证1000增强ETF华泰柏瑞,5116212.0
561600,消费电子ETF平安,140959640.0
561660,通用航空ETF平安,2549142.4
561680,A500红利低波ETF平安,1157264.4
561700,电力ETF博时,9464287.0
561750,A50ETF博时,2279849.0
561760,油气ETF博时,11317040.0
561770,A100ETF博时,1736265.9
561780,1000增强ETF博时,5440948.800000001
561790,央企能源ETF博时,991715.0
561800,稀有金属ETF华富,33349277.500000004
561870,现金流全指ETF华富,7192419.0
561880,A100ETF华富,6157127.0
561900,沪深300ESGETF招商,6349195.8
561910,电池ETF招商,164366794.2
561920,疫苗ETF招商,1279028.4
561930,沪深300ETF招商,20419201.6
561950,中证500增强ETF招商,6050814.0
561960,央企回报ETF招商,688069.7999999999
561980,半导体设备ETF招商,876424147.6999999
561990,沪深300增强ETF招商,21863783.2
562000,A100ETF华宝,9235437.5
562010,绿色能源ETF华宝,472311.0
562030,信创ETF华宝,7525369.800000001
562050,药ETF华宝,21884441.8
562060,标普A股红利ETF华宝,51889342.4
562070,沪深300指增ETF华宝,31244206.5
562080,300现金流ETF华宝,49769652.2
562300,碳中和ETF银华,432650.4
562310,沪深300成长ETF银华,34200235.6
562320,沪深300价值ETF银华,11295135.3
562330,中证500价值ETF银华,773101.0
562340,中证500成长ETF银华,98784.1
562350,电力ETF银华,22538806.8
562360,机器人ETF银华,25702674.9
562380,央企科技ETF银华,10498850.6
562390,中药ETF银华,3366386.0
562500,机器人ETF华夏,1121575861.7
562510,旅游ETF华夏,48743665.00000001
562520,中证1000成长ETF华夏,7830645.2
562530,中证1000价值ETF华夏,2247846.3000000003
562550,绿电ETF华夏,131635628.6
562560,信息技术ETF华夏,4904630.6
562570,信创ETF华夏,29820364.8
562580,可选消费ETF华夏,4896580.800000001
562590,半导体设备ETF华夏,1265691696.7
562600,医疗器械ETF华夏,46862832.8
562660,中证2000ETF华夏,48722198.4
562700,汽车零部件ETF华夏,25856625.6
562800,稀有金属ETF嘉实,380034320.0
562810,上证指数增强ETF嘉实,5490779.0
562820,集成电路ETF嘉实,74743237.5
562850,央企能源ETF嘉实,20350524.8
562860,疫苗ETF嘉实,17738521.2
562870,证券ETF嘉实,38559406.2
562880,电池ETF嘉实,38635311.8
562890,A50ETF嘉实,15884264.4
562900,农业ETF易方达,18915130.0
562910,高端制造ETF易方达,8018780.8
562920,信息安全ETF易方达,10046592.0
562930,软件ETF易方达,55459878.3
562950,消费电子ETF易方达,184492367.4
562960,绿色电力ETF易方达,54740350.4
562970,光伏ETF易方达,27940672.799999997
562990,碳中和ETF易方达,6270654.0
563000,中国A50ETF易方达,36196762.5
563010,电信ETF易方达,13573653.3
563020,红利低波ETF易方达,247340033.2
563030,中证500增强ETF易方达,12347251.2
563050,央企科技ETF易方达,11616969.4
563060,央企50ETF易方达,865738.5
563080,中证A50ETF易方达,27713631.8
563090,上证50增强ETF易方达,9099918.3
563150,油气ETF银华,3216052.7
563180,高股息ETF银华,7546240.800000001
563200,中证2000ETF富国,14166108.0
563210,专精特新ETF富国,39524199.0
563220,A500ETF富国,440596765.6
563230,卫星ETF富国,323710830.0
563280,A50增强ETF富国,129777.6
563300,中证2000ETF华泰柏瑞,807580461.0
563320,通用航空ETF华泰柏瑞,19905562.8
563330,A股ETF华泰柏瑞,40692333.6
563350,A50ETF华泰柏瑞,13349739.0
563360,A500ETF华泰柏瑞,3640246843.2
563380,航空航天ETF华泰柏瑞,82109643.0
563390,全指现金流ETF华泰柏瑞,88706975.0
563500,A500ETF华宝,41853048.0
563510,A500红利低波ETF易方达,4426499.2
563520,沪深300ETF永赢,23051823.200000003
563530,卫星ETF易方达,173494215.5
563550,A500增强ETF摩根,15030936.8
563560,科技成长ETF兴业,11835540.0
563570,金融科技ETF兴业,11354897.5
563580,自由现金流800ETF万家,11024294.1
563590,A500红利低波动ETF国寿,134523.9
563600,A500增强ETF易方达,6224512.5
563620,全指现金流ETF兴业,3485228.4
563630,A500增强ETF国联安,843647.0
563650,中证A500ETF兴业,12447705.6
563660,A500ETF银河,8088716.3
563670,金融科技ETF鹏华,2793265.1
563680,800现金流ETF汇添富,7593567.800000001
563690,红利低波ETF永赢,2998600.0
563700,红利价值ETF易方达,14614671.0
563750,中证500ETF汇添富,23426205.0
563760,全指现金流ETF中银,108439185.6
563770,全指现金流ETF招商,10451009.1
563780,现金流全指ETF方正富邦,11335747.5
563790,卫星ETF鹏华,80588198.69999999
563800,A500ETF广发,390983868.5
563830,全指现金流ETF博时,8363581.999999999
563850,食品ETF广发,1330660.8
563860,中证A500ETF海富通,30899639.6
563870,通用航空ETF鹏华,1659513.4
563880,A500ETF汇添富,126488812.8
563890,国企红利ETF创金合信,368591.6
563900,300自由现金流ETF摩根,28758216.6
563930,上证增强ETF招商,1191859.2
563960,300质量ETF兴全,3200230.0
563980,800红利低波ETF鑫元,5141604.0
563990,800现金流ETF富国,24459030.0
588000,科创50ETF华夏,10279038240.900002
588010,科创新材料ETF博时,496399146.6
588020,科创成长ETF易方达,244701512.8
588030,科创100ETF博时,279278446.4
588040,科创50ETF鹏华,50774110.9
588050,科创50ETF工银,646994678.4
588060,科创50ETF广发,595159003.0999999
588070,科创成长ETF万家,7657855.0
588080,科创50ETF易方达,2916209049.6
588090,科创50ETF华泰柏瑞,288545754.0
588100,科创信息ETF嘉实,28161016.0
588110,科创成长ETF广发,67913522.10000001
588120,科创100ETF国泰,134253649.0
588130,科创医药ETF华夏,54553961.4
588140,科创200ETF广发,10706655.4
588150,科创50ETF南方,83281819.5
588160,科创新材料ETF南方,186165837.0
588170,科创半导体ETF华夏,7701342244.0
588180,科创50ETF国联安,62852715.0
588190,科创100ETF银华,208574988.7
588200,科创芯片ETF嘉实,7353833203.200001
588210,科创100ETF易方达,20728260.0
588220,科创100ETF鹏华,533457242.99999994
588230,科创200ETF华泰柏瑞,158807737.2
588240,科创200ETF鹏华,57302817.6
588250,科创医药ETF鹏华,46622447.400000006
588260,科创信息ETF华安,15573401.6
588270,科创200ETF易方达,22691427.3
588280,科创50ETF华安,50531736.0
588290,科创芯片ETF华安,559624756.0
588300,科创创业50ETF招商,173067473.8
588310,科创创业ETF方正富邦,3488128.7
588320,双创50增强ETF广发,23980719.3
588330,双创50ETF华宝,190566286.2
588350,科创创业50ETF鹏扬,12836811.2
588360,科创创业ETF国泰,28256880.6
588370,科创50增强ETF南方,17847451.4
588380,科创创业ETF富国,209828894.00000003
588390,科创创业ETF博时,14194502.4
588400,科创创业ETF嘉实,93722913.0
588410,科创创业人工智能ETF鹏华,10787265.0
588420,科创创业人工智能ETF摩根,27149528.4
588430,科创创业人工智能ETF工银,15273477.5
588450,科创50增强ETF招商,22383570.1
588460,科创50增强ETF鹏华,204866011.8
588470,科创创业人工智能ETF华安,60864203.39999999
588480,科创创业人工智能ETF中金,23111802.0
588500,科创100增强ETF易方达,10273323.0
588510,科创创业人工智能ETF华夏,32762470.4
588520,科创增强ETF永赢,7024974.399999999
588550,科创综指增强ETF易方达,4362340.5
588660,科创创业50ETF兴银,9493840.2
588670,科创综指增强ETF嘉实,5943085.399999999
588680,科创100增强ETF广发,3562065.0
588690,科创增强ETF银华,8214708.7
588700,科创医药ETF嘉实,80386882.4
588710,科创半导体设备ETF华泰柏瑞,1556276764.8
588720,科创50ETF中银,12931800.0
588730,科创人工智能ETF易方达,221017827.2
588750,科创芯片ETF汇添富,500683315.2
588760,科创人工智能ETF广发,344247662.7
588770,科创信息ETF摩根,28644255.2
588780,科创芯片设计ETF国联安,328200879.6
588790,科创AIETF博时,424533408.0
588800,科创100ETF华夏,368601792.0
588810,科创芯片ETF富国,188934962.6
588820,科创200ETF华夏,24848466.799999997
588830,科创新能源ETF鹏华,99272726.0
588840,科创50ETF万家,14287951.5
588850,科创机械ETF嘉实,38350065.6
588860,科创医药ETF工银,34429790.4
588870,科创50ETF汇添富,149742324.0
588880,科创100ETF华泰柏瑞,16710038.4
588890,科创芯片ETF南方,183598428.1
588900,科创100ETF南方,19139308.8
588910,科创价值ETF建信,23545077.4
588920,科创芯片ETF鹏华,73745207.2
588930,科创人工智能ETF银华,92557080.0
588940,科创50ETF富国,185075199.4
588950,科创50ETF景顺,68313214.0
588960,科创新能源ETF富国,29843994.999999996
588980,科创100ETF广发,3005978.8
588990,科创芯片ETF博时,119697246.3
589000,科创综指ETF华夏,163316812.5
589010,科创人工智能ETF华夏,180903790.5
589020,科创半导体设备ETF鹏华,1239194702.5
589030,科创芯片设计ETF易方达,158503971.6
589050,科创综指ETF兴业,14876391.6
589060,科创综指ETF东财,6897250.8
589070,科创芯片设计ETF天弘,124518202.4
589080,科创综指ETF汇添富,40234249.3
589090,科创AIETF鹏华,13827908.5
589100,科创芯片ETF国泰,85933832.4
589110,科创人工智能ETF国泰,19467670.8
589120,科创创新药ETF汇添富,359562988.2
589130,科创芯片ETF易方达,303473722.5
589150,科创50ETF平安,33270058.9
589160,科创芯片ETF广发,39814619.6
589170,科创芯片设计ETF鹏华,19761568.799999997
589180,科创新材料ETF汇添富,116951810.4
589190,科创芯片ETF华宝,106850028.0
589200,科创200ETF工银,6058136.0
589210,科创芯片设计ETF广发,111438763.2
589220,科创200ETF国泰,37572756.0
589230,科创人工智能ETF南方,45139373.4
589250,科创芯片设计ETF浦银,19906054.0
589260,科创芯片设计ETF国泰,22530505.2
589270,科创100ETF前海开源,2932928.1
589280,科创增强ETF华宝,10183093.2
589290,科创芯片设计ETF汇添富,30981749.4
589300,科创综指ETF嘉实,4654330.6
589320,科创200ETF嘉实,9397992.8
589330,科创200ETF东财,12466154.8
589350,科创芯片设计ETF银华,35890760.2
589360,科创50ETF国泰,66470868.9
589380,科创人工智能ETF富国,12584359.4
589500,科创综指ETF工银,23056230.2
589520,科创人工智能ETF华宝,56951433.0
589550,科创价值ETF华夏,4049586.9
589560,科创人工智能ETF汇添富,16223306.4
589580,科创综指ETF兴银,949918.2
589600,科创综指ETF富国,10594911.7
589630,科创综指ETF国泰,24039463.2
589660,科创综指ETF南方,63988986.0
589680,科创综指ETF鹏华,167913431.4
589700,科创成长ETF南方,8998764.799999999
589720,科创创新药ETF国泰,1399875866.8
589770,科创综指ETF招商,23456090.8
589780,科创200ETF富国,4391128.0
589800,科创综指ETF易方达,163179050.4
589820,科创200ETF建信,9683548.8
589850,科创50ETF东财,210390537.8
589860,科创综指ETF天弘,41439563.1
589880,科创综指ETF建信,97818774.9
589890,科创综指ETF景顺,18022456.8
589900,科创综指ETF博时,39345826.4
589950,科创100ETF富国,10725527.1
589960,科创新能源ETF易方达,49973478.5
589980,科创100ETF汇添富,6825680.4
589990,科创综指ETF华泰柏瑞,11618174.0
